<?xml version="1.0" encoding="UTF-8"?>
<project-private xmlns="http://www.netbeans.org/ns/project-private/1">
    <editor-bookmarks xmlns="http://www.netbeans.org/ns/editor-bookmarks/2" lastBookmarkId="0"/>
    <open-files xmlns="http://www.netbeans.org/ns/projectui-open-files/2">
        <group>
            <file>file:/C:/Users/trcuser/OneDrive/Documentos/TEC/Semestre%202/POO/PB_25130266_Proyecto_01/src/pb_25130266_proyecto_01/PB_25130266_Frame_01.java</file>
            <file>file:/C:/Users/trcuser/OneDrive/Documentos/TEC/Semestre%202/POO/PB_25130266_Proyecto_01/src/pb_25130266_proyecto_01/PB_25130266_Clase_01_Circuito.java</file>
            <file>file:/C:/Users/trcuser/OneDrive/Documentos/TEC/Semestre%202/POO/PB_25130266_Proyecto_01/src/pb_25130266_proyecto_01/PB_25130266_Clase_01b_AlmacenCircuitos.java</file>
        </group>
    </open-files>
</project-private>
